Date ,series ,OPEN ,HIGH ,LOW ,PREV. CLOSE ,ltp ,close ,vwap ,52W H ,52W L ,VOLUME ,VALUE ,No of trades 
28-Mar-25,EQ,471.15,481.6,462.9,469.05,465.15,467.25,473.5,795.4,336.05,"53,18,930","2,51,85,01,730.65","65,561"
27-Mar-25,EQ,473,475,464.3,474.3,471,469.05,469.69,795.4,336.05,"50,40,093","2,36,73,03,863.45","65,496"
26-Mar-25,EQ,471.1,481.5,468.6,469.2,473,474.3,475.08,795.4,336.05,"66,31,615","3,15,05,68,665.20","73,762"
25-Mar-25,EQ,492.35,495,466.45,489.85,469,469.2,477.11,795.4,336.05,"86,67,538","4,13,53,86,402.45","1,07,652"
24-Mar-25,EQ,474.05,500.7,466.55,471.2,489,489.85,488.01,795.4,336.05,"1,29,29,450","6,30,96,57,118.00","1,31,889"
21-Mar-25,EQ,467.85,484,464.55,467.25,469.3,471.2,474.5,795.4,336.05,"97,07,389","4,60,61,12,540.45","95,876"
20-Mar-25,EQ,460,475,442.5,453.55,463.8,467.25,457.83,795.4,336.05,"1,17,53,814","5,38,12,45,227.10","92,842"
19-Mar-25,EQ,434.45,465,434,434.45,456.8,453.55,446.44,795.4,336.05,"87,32,320","3,89,84,37,376.00","70,482"
18-Mar-25,EQ,429.95,437.5,428.15,428,434.5,434.45,433.99,795.4,336.05,"67,45,975","2,92,76,91,884.05","59,983"
17-Mar-25,EQ,430,437.75,425,430.9,426.75,428,431.72,795.4,336.05,"62,86,845","2,71,41,35,007.05","67,939"
13-Mar-25,EQ,429.35,436.45,418,427.25,429,430.9,426.59,795.4,336.05,"98,09,250","4,18,45,27,990.75","93,104"
12-Mar-25,EQ,424.15,431.4,417.65,421.5,426,427.25,424.54,795.4,336.05,"1,30,69,316","5,54,84,18,225.15","1,25,949"
11-Mar-25,EQ,404.5,430.15,399.4,407.5,421.9,421.5,413.88,795.4,336.05,"3,20,37,217","13,25,96,80,787.00","2,40,974"
10-Mar-25,EQ,438,439.1,406,431.7,407.95,407.5,416.36,795.4,336.05,"1,71,35,126","7,13,43,61,271.45","2,40,590"
07-Mar-25,EQ,452,453.4,429,450.4,430,431.7,439.07,795.4,336.05,"1,17,62,843","5,16,46,91,255.15","2,19,352"
06-Mar-25,EQ,468.25,475.5,447.1,467.45,448.9,450.4,458.93,795.4,336.05,"76,22,018","3,49,79,92,451.20","1,18,695"
05-Mar-25,EQ,457.8,469.45,455.1,459.6,467.45,467.45,464.15,795.4,336.05,"58,83,560","2,73,08,47,701.25","80,742"
04-Mar-25,EQ,437.9,465.35,426,440.45,456,459.6,445.69,795.4,336.05,"1,22,07,939","5,44,09,27,617.50","1,33,209"
03-Mar-25,EQ,464.05,467.35,436.85,462.25,441.4,440.45,447.45,795.4,336.05,"79,93,592","3,57,67,59,942.60","1,05,466"
28-Feb-25,EQ,452.55,472.3,452.55,469.2,468.55,462.25,461.57,795.4,336.05,"96,78,048","4,46,70,83,359.80","1,05,181"
27-Feb-25,EQ,479,483.95,458.55,478.05,467,469.2,470.2,795.4,336.05,"79,99,524","3,76,14,00,766.40","98,819"
25-Feb-25,EQ,482.45,487.9,473.15,479.1,476.5,478.05,480.71,795.4,336.05,"66,24,720","3,18,45,92,476.75","69,477"
24-Feb-25,EQ,482.95,485.2,474.6,485.25,478.45,479.1,479.87,795.4,336.05,"61,51,724","2,95,20,18,178.45","68,394"
21-Feb-25,EQ,493,502.4,482,493.85,483.2,485.25,491.96,795.4,336.05,"69,75,603","3,43,17,18,305.10","89,498"
20-Feb-25,EQ,483.15,496.5,480.15,483.15,493.55,493.85,490.7,795.4,336.05,"86,15,680","4,22,77,54,975.20","1,07,597"
19-Feb-25,EQ,484,493.75,474.8,484.3,483.4,483.15,485.98,795.4,336.05,"1,63,18,703","7,93,05,95,878.60","2,04,673"
18-Feb-25,EQ,503.05,506.25,479.5,507.05,483.75,484.3,488.78,795.4,336.05,"1,33,75,181","6,53,75,71,806.65","1,91,884"
17-Feb-25,EQ,484.45,509.95,477.55,488.4,504,507.05,499.8,795.4,336.05,"1,55,40,320","7,76,70,72,970.80","2,52,011"
14-Feb-25,EQ,522,524.85,480.15,526.45,484.45,488.4,499.92,795.4,336.05,"1,25,16,211","6,25,71,65,354.80","1,83,446"
13-Feb-25,EQ,511,530,507,512.6,525,526.45,521.22,795.4,336.05,"1,08,61,298","5,66,11,09,736.50","1,42,938"
12-Feb-25,EQ,512.1,521.65,498.65,520.25,513,512.6,510.52,795.4,336.05,"1,14,42,504","5,84,16,78,216.50","1,49,486"
11-Feb-25,EQ,524.65,527,505,522.05,517.2,520.25,514.03,795.4,336.05,"1,03,54,212","5,32,23,78,199.10","1,34,914"
10-Feb-25,EQ,537.05,545,514,539.4,523.4,522.05,522.72,795.4,336.05,"1,00,99,332","5,27,90,89,533.70","1,44,065"
07-Feb-25,EQ,541,553.55,533.6,542.4,537,539.4,542.85,795.4,329.15,"1,73,68,687","9,42,85,64,064.30","2,30,906"
06-Feb-25,EQ,564,569.5,538.1,567.85,543,542.4,552.93,795.4,329.15,"2,38,85,400","13,20,69,21,523.60","2,99,923"
05-Feb-25,EQ,567,591.4,553,563.8,565.25,567.85,572.71,795.4,329.15,"5,18,57,027","29,69,90,53,841.25","6,63,483"
04-Feb-25,EQ,510,594,505.1,502.9,562,563.8,540.18,795.4,329.15,"5,24,26,558","28,31,96,84,376.85","4,83,294"
03-Feb-25,EQ,502.45,517.35,485.1,505.45,502.95,502.9,505.5,795.4,329.15,"2,27,26,079","11,48,80,32,995.65","3,18,265"
01-Feb-25,EQ,502,526.75,484,503.1,502.5,505.45,509.51,795.4,321.95,"4,88,67,197","24,89,84,83,374.15","5,78,794"
31-Jan-25,EQ,460.05,506.7,446.5,440.65,503,503.1,486.2,795.4,321.95,"7,61,84,680","37,04,10,68,701.55","7,57,397"
30-Jan-25,EQ,451,466.05,435.1,448.7,443,440.65,450.34,795.4,321.95,"2,16,31,272","9,74,13,90,417.20","2,70,759"
29-Jan-25,EQ,441.1,451.95,434.3,438.05,451,448.7,445.2,795.4,321.95,"1,81,78,589","8,09,30,71,949.90","2,33,859"
28-Jan-25,EQ,437.55,448.95,420.65,437.2,437.5,438.05,436.13,795.4,321.95,"2,91,56,002","12,71,58,06,794.35","3,31,456"
27-Jan-25,EQ,458,458,433.2,458.75,436.9,437.2,440.34,795.4,321.95,"1,87,98,873","8,27,79,78,425.30","2,63,488"
24-Jan-25,EQ,480,483.5,455.25,478.15,458.5,458.75,465.98,795.4,321.95,"2,37,15,822","11,05,10,34,127.85","3,38,925"
23-Jan-25,EQ,492.65,509.65,472,485.65,476.9,478.15,492.76,795.4,321.95,"4,43,35,820","21,84,68,27,805.10","5,28,486"
22-Jan-25,EQ,486,499,459,488.35,494.1,485.65,475.09,795.4,321.95,"4,82,36,616","22,91,68,98,575.35","5,81,539"
21-Jan-25,EQ,538,538,480.7,530.9,487.9,488.35,501.72,795.4,321.95,"3,01,76,134","15,14,00,63,937.45","3,92,931"
20-Jan-25,EQ,525,549,521.05,501.5,530.1,530.9,537.39,795.4,321.95,"4,22,74,364","22,71,76,57,822.35","4,71,696"
17-Jan-25,EQ,537,554.65,498,539.2,502.2,501.5,515.08,795.4,321.95,"2,92,50,914","15,06,64,42,868.25","4,25,074"
16-Jan-25,EQ,558.1,570,518.1,555.1,537.95,539.2,537.03,795.4,321.95,"3,93,25,170","21,11,89,48,962.60","5,35,710"
15-Jan-25,EQ,600,602.65,522,596.4,550,555.1,556.23,795.4,321.95,"2,94,46,466","16,37,89,00,221.65","4,67,369"
14-Jan-25,EQ,581.05,603.95,570.15,573.1,599,596.4,590.41,795.4,321.95,"1,83,95,591","10,86,08,83,649.00","3,18,515"
13-Jan-25,EQ,600,609.7,568.75,626.75,573.1,573.1,587.7,795.4,321.95,"1,69,64,480","9,97,00,73,469.40","3,01,983"
10-Jan-25,EQ,660,661.6,614.65,662.55,625.3,626.75,639.63,795.4,321.95,"1,17,49,415","7,51,52,64,740.10","2,99,392"
09-Jan-25,EQ,708.9,709.4,656,706.4,658.1,662.55,674.93,795.4,321.95,"1,28,11,828","8,64,71,44,298.45","2,63,755"
08-Jan-25,EQ,724.45,724.65,663.5,722.95,707.25,706.4,689.98,795.4,321.95,"2,04,15,166","14,08,61,17,887.75","4,24,964"
07-Jan-25,EQ,777.05,781.15,718.15,744.55,719.3,722.95,742.47,795.4,321.95,"1,49,87,021","11,12,73,95,310.30","3,19,699"
06-Jan-25,EQ,781.55,793.45,740.5,777.8,744.6,744.55,764.42,795.4,321.95,"60,20,813","4,60,24,08,878.00","1,71,162"
03-Jan-25,EQ,790.9,792.9,757.4,787.9,781,777.8,773.72,795.4,321.95,"69,53,038","5,37,96,83,935.15","1,63,937"
02-Jan-25,EQ,778.1,795.4,767.3,775.85,789.05,787.9,780.19,795.4,321.95,"55,74,250","4,34,89,64,419.35","1,59,480"
01-Jan-25,EQ,760,780,754.1,766.25,772.1,775.85,770.53,786.25,321.95,"34,94,514","2,69,26,36,054.30","1,09,835"
31-Dec-24,EQ,741,774,726,744.4,761.3,766.25,754.71,786.25,321.95,"50,13,928","3,78,40,39,344.95","1,06,149"
30-Dec-24,EQ,723.75,753.15,715,721.65,743,744.4,739.55,786.25,321.95,"87,66,154","6,48,30,05,412.30","1,53,906"
27-Dec-24,EQ,725.05,734.8,719.5,726.45,721.55,721.65,724.46,786.25,321.95,"14,37,302","1,04,12,68,187.40","52,165"
26-Dec-24,EQ,725,735.9,717.3,720,733,726.45,724.51,786.25,321.95,"22,36,160","1,62,01,11,668.45","74,854"
24-Dec-24,EQ,723.95,728.65,712.25,723.95,720.5,720,718.63,786.25,321.95,"15,27,876","1,09,79,78,465.70","44,883"
23-Dec-24,EQ,727.7,738.9,714.55,719.2,723.1,723.95,724.31,786.25,321.95,"26,39,988","1,91,21,80,650.45","77,207"
20-Dec-24,EQ,744.5,747.85,715.35,742.45,719.9,719.2,726.82,786.25,312.2,"33,19,528","2,41,27,08,825.65","96,266"
19-Dec-24,EQ,739.2,748.5,736,754.2,742,742.45,743.46,786.25,312.2,"19,43,250","1,44,47,26,165.05","50,737"
18-Dec-24,EQ,758.95,762.5,734,756.35,752.8,754.2,747.64,786.25,312.2,"37,34,611","2,79,21,39,826.40","89,592"
17-Dec-24,EQ,764,768.85,753.1,763.25,756.85,756.35,761.03,786.25,312.2,"26,20,852","1,99,45,37,543.45","68,768"
16-Dec-24,EQ,750.45,765.35,748.35,747.1,761.4,763.25,759.97,786.25,312.2,"25,91,969","1,96,98,07,527.30","72,357"
13-Dec-24,EQ,760,763,737.4,760.1,747,747.1,747.74,786.25,311.05,"35,05,764","2,62,13,89,350.50","1,00,267"
12-Dec-24,EQ,762,784.45,751.85,762.95,757.75,760.1,767.98,786.25,311.05,"65,56,832","5,03,54,96,653.05","1,52,875"
11-Dec-24,EQ,761,767,753.05,758.9,762,762.95,761.6,786.25,311.05,"33,52,324","2,55,31,26,717.60","97,273"
10-Dec-24,EQ,778,781.3,745.05,775.45,757.5,758.9,756.88,786.25,311.05,"84,00,100","6,35,78,44,624.60","1,82,879"
09-Dec-24,EQ,731.85,778.7,731.85,730.5,777,775.45,764.6,786.25,311.05,"1,21,46,633","9,28,73,27,534.45","2,39,967"
06-Dec-24,EQ,720.65,750,716.95,720.65,732.6,730.5,736.6,786.25,311.05,"77,93,780","5,74,09,04,624.50","1,54,649"
05-Dec-24,EQ,723,724.7,711.35,722.75,719.5,720.65,719.2,786.25,311.05,"25,71,259","1,84,92,60,785.25","69,306"
04-Dec-24,EQ,730.6,731.6,701,726.85,721,722.75,715.99,786.25,311.05,"65,81,665","4,71,23,86,523.35","1,28,796"
03-Dec-24,EQ,725,731.7,720.55,722.1,726.1,726.85,727.26,786.25,311.05,"27,41,760","1,99,39,75,300.60","74,439"
02-Dec-24,EQ,722.5,741.55,715.75,724.45,721.5,722.1,728.34,786.25,311.05,"46,77,259","3,40,66,27,607.90","1,11,775"
29-Nov-24,EQ,707.65,728,705.6,707.65,722.1,724.45,719.03,786.25,304.1,"42,81,944","3,07,88,25,394.05","1,27,413"
28-Nov-24,EQ,702.3,712,692,697.65,709,707.65,703.51,786.25,304.1,"36,83,966","2,59,16,98,530.20","1,00,377"
27-Nov-24,EQ,697,706,685.35,693.35,694.5,697.65,693.94,786.25,304.1,"28,97,301","2,01,05,55,268.65","80,950"
26-Nov-24,EQ,694.8,708.95,691.1,699.4,692.85,693.35,698.12,786.25,304.1,"43,88,024","3,06,33,46,551.10","1,04,218"
25-Nov-24,EQ,722.85,736.8,681.8,706.45,692.95,699.4,701.36,786.25,304.1,"5,29,90,269","37,16,53,67,634.70","2,47,442"
22-Nov-24,EQ,714,714.25,683.8,711.75,709.05,706.45,696.39,786.25,304.1,"59,02,907","4,11,07,17,114.40","1,38,526"
21-Nov-24,EQ,707.75,720,696.7,701.35,709.6,711.75,711.67,786.25,304.1,"74,98,145","5,33,62,03,277.20","1,45,985"
19-Nov-24,EQ,674,707,670.35,668.25,699.6,701.35,695.57,786.25,304.1,"74,35,686","5,17,20,76,503.20","1,80,592"
18-Nov-24,EQ,656,675.4,654.1,653.9,666,668.25,662.45,786.25,304.1,"69,58,109","4,60,93,88,038.75","1,70,462"
14-Nov-24,EQ,664.95,694.5,642.65,670.45,658.15,653.9,666.2,786.25,304.1,"98,28,648","6,54,78,57,220.65","2,75,619"
13-Nov-24,EQ,703.95,709.55,665,704.3,666.05,670.45,681.9,786.25,304.1,"60,86,731","4,15,05,26,632.45","1,69,028"
12-Nov-24,EQ,705,719.45,695.6,700.2,703.2,704.3,707.04,786.25,304.1,"43,19,306","3,05,39,06,209.85","1,22,583"
11-Nov-24,EQ,692.05,710.95,685.35,694.1,702,700.2,700.37,786.25,304.1,"42,62,338","2,98,51,98,419.70","1,04,836"
08-Nov-24,EQ,707.85,707.9,690.7,706.05,694,694.1,698.58,786.25,304.1,"42,30,373","2,95,52,51,868.80","1,05,450"
07-Nov-24,EQ,704,718.3,692.75,700,703.15,706.05,708.23,786.25,304.1,"93,10,382","6,59,39,12,929.25","2,30,191"
06-Nov-24,EQ,649,706,648,652.3,705,700,684.34,786.25,304.1,"1,05,23,346","7,20,15,31,591.40","2,23,746"
05-Nov-24,EQ,658.8,669,632.4,659.5,648.5,652.3,644.93,786.25,304.1,"1,00,46,234","6,47,91,54,423.15","2,14,717"
04-Nov-24,EQ,664.1,665.95,652,670.8,659,659.5,658.44,786.25,304.1,"34,92,119","2,29,93,39,405.00","1,02,272"
01-Nov-24,EQ,670,675,665.8,657.15,668.7,670.8,672.25,786.25,280.25,"10,03,182","67,43,90,583.15","27,391"
31-Oct-24,EQ,674,679.7,652.55,674.25,655.8,657.15,663.52,786.25,280.25,"37,72,763","2,50,33,00,095.10","1,01,081"
30-Oct-24,EQ,673.15,683.95,663.2,673.15,670.3,674.25,673.64,786.25,280.25,"36,31,337","2,44,62,31,962.35","89,589"
29-Oct-24,EQ,673.55,677,650.6,669.05,675,673.15,665.29,786.25,280.25,"56,32,005","3,74,68,96,225.65","1,44,867"
28-Oct-24,EQ,672.3,680,662.05,671.7,672.5,669.05,671.46,786.25,280.25,"33,40,348","2,24,29,19,837.95","1,00,542"
25-Oct-24,EQ,697,701.5,665.25,696.1,670.45,671.7,675.79,786.25,278.1,"49,54,602","3,34,82,69,838.90","1,30,079"
24-Oct-24,EQ,694.9,713,690.15,694.65,693.75,696.1,701.19,786.25,278.1,"45,18,689","3,16,84,77,508.30","1,08,611"
23-Oct-24,EQ,674.8,706.95,658.85,675.9,693,694.65,685.39,786.25,278.1,"76,48,461","5,24,21,77,703.80","1,75,741"
22-Oct-24,EQ,707.35,714.05,668.7,704.05,679,675.9,690.61,786.25,278.1,"63,06,617","4,35,53,98,609.35","1,55,168"
21-Oct-24,EQ,724.9,728.05,700,718.95,702.5,704.05,708.28,786.25,278.1,"58,44,773","4,13,97,54,872.70","1,41,943"
18-Oct-24,EQ,726,738.9,708,728.05,722.5,718.95,720.85,786.25,265.65,"74,56,179","5,37,47,92,733.50","1,78,165"
17-Oct-24,EQ,749.05,751.4,721,751.4,727.8,728.05,730.31,786.25,265.65,"64,00,169","4,67,41,28,936.35","1,56,485"
16-Oct-24,EQ,751,756.6,737,751,748,751.4,747.99,786.25,265.65,"50,34,401","3,76,56,72,147.15","1,20,021"
15-Oct-24,EQ,758,773,741.55,750.8,750,751,758.69,786.25,265.65,"1,02,12,032","7,74,78,12,308.25","1,85,628"
14-Oct-24,EQ,722,754.9,718.4,720.3,753.55,750.8,740.2,786.25,265.65,"94,22,733","6,97,47,00,177.50","1,87,008"
11-Oct-24,EQ,722.3,726.7,712,718.8,719.8,720.3,717.41,786.25,241.5,"37,31,104","2,67,67,29,095.90","83,876"
10-Oct-24,EQ,726,735.4,715.55,721.55,719,718.8,724.76,786.25,241.5,"41,58,843","3,01,41,72,511.30","1,05,682"
09-Oct-24,EQ,713.9,727.4,703.15,709.95,721,721.55,716.12,786.25,241.5,"59,26,533","4,24,41,03,236.00","1,27,080"
08-Oct-24,EQ,704.2,718.75,685.05,702.2,711,709.95,703.45,786.25,241.5,"90,40,443","6,35,95,23,860.60","1,76,104"
07-Oct-24,EQ,727,729.3,673.4,712.95,704.45,702.2,693.22,786.25,241.5,"1,17,25,010","8,12,80,46,806.50","2,66,247"
04-Oct-24,EQ,735,742.65,708.3,730.55,715.25,712.95,722.93,786.25,221.65,"75,85,125","5,48,34,97,557.75","1,74,393"
03-Oct-24,EQ,725,752.5,721,750.15,735.8,730.55,737.69,786.25,221.65,"87,86,672","6,48,18,12,354.70","2,05,010"
01-Oct-24,EQ,731.1,757.9,724.75,730.25,747,750.15,743.64,786.25,221.65,"90,72,279","6,74,64,72,989.70","1,68,176"
30-Sep-24,EQ,709.75,733.05,705.7,706.7,729.35,730.25,720.98,786.25,221.65,"1,16,88,363","8,42,70,30,742.00","2,15,113"
27-Sep-24,EQ,720.95,729.8,704,716.7,708.5,706.7,715.3,786.25,202.8,"1,09,43,231","7,82,76,54,692.00","2,51,866"
26-Sep-24,EQ,763,763.4,711,758.2,720,716.7,729.07,786.25,202.8,"1,10,69,317","8,07,03,27,480.65","2,47,929"
25-Sep-24,EQ,775.7,785.1,754.05,772,760,758.2,769.73,786.25,202.8,"76,81,483","5,91,26,92,962.35","1,81,890"
24-Sep-24,EQ,772,779,755.45,768.65,771.55,772,768.78,786.25,202.8,"1,14,61,515","8,81,13,61,825.90","2,05,179"
23-Sep-24,EQ,733.4,786.25,733,730.5,770,768.65,769.17,786.25,202.8,"2,49,17,201","19,16,56,51,095.35","4,53,646"
20-Sep-24,EQ,709.9,734,702.1,708.25,728.8,730.5,717.72,749,202.8,"68,92,361","4,94,67,90,833.40","1,44,727"
19-Sep-24,EQ,699.4,711.15,684.35,697.4,706.75,708.25,699.66,749,202.8,"58,59,129","4,09,94,14,807.60","1,19,842"
18-Sep-24,EQ,716,719,692.2,712.85,697.95,697.4,705.17,749,202.8,"55,17,474","3,89,07,60,085.15","1,14,948"
17-Sep-24,EQ,703.1,719,694.75,699.95,710.7,712.85,708,749,202.8,"85,98,067","6,08,74,55,934.15","1,42,970"
16-Sep-24,EQ,723.2,725.6,675.9,716.05,699,699.95,701.77,749,202.8,"1,57,69,280","11,06,64,09,536.90","2,95,730"
13-Sep-24,EQ,697.9,749,694.05,689.3,720,716.05,726.27,749,202.8,"3,21,70,819","23,36,47,85,579.80","4,91,837"
12-Sep-24,EQ,664.25,694.7,660.55,656.8,690.75,689.3,678.01,694.7,202.8,"1,11,17,000","7,53,74,17,753.70","1,98,228"
11-Sep-24,EQ,643,669.5,636.5,640.2,657.3,656.8,656.93,669.5,202.8,"78,16,468","5,13,49,03,317.75","1,49,965"
10-Sep-24,EQ,645.75,652,637,642.6,641,640.2,641.13,662.75,202.8,"24,75,182","1,58,69,01,714.25","78,605"
09-Sep-24,EQ,649,654.5,637.75,648.2,642.5,642.6,644.27,662.75,202.8,"36,72,960","2,36,63,87,724.65","83,850"
06-Sep-24,EQ,649,655,633,647.95,649,648.2,640.75,662.75,202.8,"41,08,813","2,63,27,23,040.50","1,13,806"
05-Sep-24,EQ,655,662.75,642,654.2,648,647.95,655.07,662.75,202.8,"55,81,923","3,65,65,74,116.35","99,743"
04-Sep-24,EQ,646,658.75,630.25,650.85,652,654.2,645.46,658.75,202.8,"71,64,996","4,62,47,18,787.15","1,48,690"
03-Sep-24,EQ,639.05,654,631.05,639.85,649.15,650.85,647.05,654,202.8,"76,22,641","4,93,22,67,230.70","1,21,019"
02-Sep-24,EQ,617.45,645,616,615.2,639,639.85,631.57,645,202.8,"1,10,13,380","6,95,57,63,862.10","2,08,743"
30-Aug-24,EQ,612.9,624.5,609,610.6,613.05,615.2,617.01,633.6,202.8,"42,42,992","2,61,79,48,960.00","93,246"
29-Aug-24,EQ,610,619.8,606.6,611.2,611.7,610.6,611.64,633.6,202.8,"34,53,436","2,11,22,52,603.35","66,463"
28-Aug-24,EQ,613.9,616,599,614.85,611,611.2,609.35,633.6,202.8,"36,34,480","2,21,46,54,252.55","63,494"
27-Aug-24,EQ,619,624,605.2,616.75,611,614.85,614.55,633.6,202.8,"43,12,858","2,65,04,63,240.25","1,04,610"
26-Aug-24,EQ,589,624.95,580.4,588.9,616.25,616.75,611.15,633.6,202.8,"1,49,52,921","9,13,85,43,419.60","2,45,400"
23-Aug-24,EQ,605,618.7,582.25,596.4,585,588.9,595.96,633.6,202.8,"1,30,74,002","7,79,15,99,277.35","2,11,401"
22-Aug-24,EQ,572,605,571.65,544.45,602.75,596.4,583.2,633.6,202.8,"3,70,54,765","21,61,04,53,552.95","4,53,273"
22-Aug-24,BL,539.1,539.1,539.1,337.1,539.1,539.1,539.1,539.1,334,"6,64,89,666","35,84,45,78,940.60",13
21-Aug-24,EQ,543,557,532.45,541.9,556,544.45,542.67,633.6,202.8,"1,98,35,421","10,76,41,37,134.20","1,49,180"
20-Aug-24,EQ,555,558,530.65,549.55,539.75,541.9,539.87,633.6,202.8,"38,50,252","2,07,86,51,455.05","91,895"
19-Aug-24,EQ,577.95,584,543.4,572.95,550,549.55,555.78,633.6,202.8,"47,45,870","2,63,76,53,138.50","77,801"
16-Aug-24,EQ,570.5,578,562,568.6,571,572.95,571.63,633.6,194.05,"11,00,664","62,91,76,187.50","42,461"
14-Aug-24,EQ,563.25,570.1,550,558.15,567,568.6,560.93,633.6,194.05,"9,81,048","55,02,99,471.50","33,128"
13-Aug-24,EQ,556.8,572,546.25,551.85,557.2,558.15,561.7,633.6,194.05,"15,72,865","88,34,84,284.30","59,871"
12-Aug-24,EQ,534,555.8,528.7,538.8,554.8,551.85,542.17,633.6,194.05,"13,01,803","70,57,92,235.90","46,094"
09-Aug-24,EQ,537,541,530.05,536.55,539,538.8,535.28,633.6,170.35,"12,24,809","65,56,15,105.60","49,309"
08-Aug-24,EQ,539.75,540,532,540.4,535.95,536.55,536.15,633.6,170.35,"9,35,337","50,14,80,699.70","31,622"
07-Aug-24,EQ,549,549.95,529.05,540.6,540.8,540.4,537.29,633.6,170.35,"16,03,455","86,15,24,426.70","55,642"
06-Aug-24,EQ,550,556.95,533.1,544.6,540,540.6,544.54,633.6,170.35,"18,38,943","1,00,13,79,381.20","55,918"
05-Aug-24,EQ,535,552.15,515.95,559.75,538,544.6,527.9,633.6,170.35,"46,60,448","2,46,02,29,508.40","2,02,604"
02-Aug-24,EQ,569,582.65,551,564.7,559.8,559.75,561.42,633.6,162.65,"27,33,406","1,53,45,95,885.35","85,838"
01-Aug-24,EQ,584.7,593,560,579.4,566.1,564.7,573.86,633.6,162.65,"20,00,667","1,14,81,10,534.05","49,326"
31-Jul-24,EQ,573.5,582.95,565.3,572.8,580,579.4,574.55,633.6,162.65,"14,74,850","84,73,79,762.60","44,112"
30-Jul-24,EQ,572.95,580,563,572.65,574,572.8,572.59,633.6,162.65,"16,43,832","94,12,40,854.55","41,324"
29-Jul-24,EQ,571.95,582,555.35,567.8,570.5,572.65,569.61,633.6,162.65,"22,81,355","1,29,94,81,825.85","55,855"
26-Jul-24,EQ,578.9,578.9,565.1,573.7,568.8,567.8,568.36,633.6,162.65,"12,32,940","70,07,50,573.10","31,515"
25-Jul-24,EQ,590,612.5,563,587.25,573.6,573.7,584.89,633.6,162.65,"53,40,282","3,12,34,82,985.25","1,10,188"
24-Jul-24,EQ,555.5,633.6,555.45,552.75,587,587.25,592.11,633.6,162.65,"1,17,01,050","6,92,82,85,021.30","2,44,902"
23-Jul-24,EQ,529,561.65,497.55,529.3,552,552.75,539.75,561.65,162.65,"74,27,646","4,00,90,91,538.65","1,65,211"
22-Jul-24,EQ,531.4,540.95,525.1,528.95,528,529.3,531.18,546,162.65,"16,72,590","88,84,51,869.65","48,166"
19-Jul-24,EQ,515,536,514.5,519.45,526,528.95,523.16,546,162.65,"20,17,760","1,05,56,19,054.30","62,025"
18-Jul-24,EQ,527.4,527.4,512.5,527.55,517.45,519.45,520.09,546,162.65,"10,77,417","56,03,58,909.10","40,238"
16-Jul-24,EQ,517.4,533,515.1,513.35,524,527.55,524.34,546,162.65,"28,14,459","1,47,57,44,073.85","66,647"
15-Jul-24,EQ,506.6,524.75,499,505.25,514.8,513.35,513.44,546,162.65,"21,54,561","1,10,62,39,324.65","59,973"
12-Jul-24,EQ,503.2,509,498.1,503.25,503,505.25,502.08,546,157.2,"10,73,604","53,90,32,601.75","33,613"
11-Jul-24,EQ,509.25,512.45,500.25,503.9,502.5,503.25,507.2,546,157.2,"10,94,045","55,49,00,812.10","35,890"
10-Jul-24,EQ,500,518,497,496.85,504.8,503.9,505.78,546,157.2,"32,84,158","1,66,10,77,294.80","80,510"
09-Jul-24,EQ,496.2,498.8,493,496.2,497.15,496.85,496.6,546,157.2,"16,19,702","80,43,38,706.75","28,271"
08-Jul-24,EQ,497.75,501.9,490,495.3,495.1,496.2,494.96,546,157.2,"14,26,120","70,58,65,670.70","31,429"
05-Jul-24,EQ,496.55,505,485.1,490.55,495.4,495.3,494.78,546,140.5,"37,17,652","1,83,94,03,351.50","61,081"
04-Jul-24,EQ,490.65,495.95,486,488.9,489.9,490.55,490.08,546,140.5,"8,20,820","40,22,67,725.05","33,819"
03-Jul-24,EQ,493.15,497.85,485.45,495.95,489.8,488.9,490.42,546,140.5,"10,82,260","53,07,64,504.35","37,351"
02-Jul-24,EQ,500.4,502.5,493.05,497.5,494.7,495.95,497.12,546,140.5,"12,50,414","62,16,11,402.20","32,312"
01-Jul-24,EQ,504.25,505.7,483,501.15,500,497.5,490.7,546,140.5,"41,70,640","2,04,65,21,973.50","1,00,369"
28-Jun-24,EQ,481.1,546,481.1,476.3,502.9,501.15,504.35,546,127.15,"94,39,333","4,76,06,88,976.35","2,12,866"
27-Jun-24,EQ,459,480,454.05,456.65,479.5,476.3,466.7,480,127.15,"43,80,406","2,04,43,30,129.85","1,09,815"
26-Jun-24,EQ,438.95,460.5,438.95,438.15,454,456.65,452.35,464.95,127.15,"38,75,868","1,75,32,40,598.00","66,576"
25-Jun-24,EQ,447.4,453.25,435,446.1,439,438.15,443.46,464.95,127.15,"11,31,725","50,18,70,569.90","37,117"
24-Jun-24,EQ,452.5,452.5,436.3,453,444.6,446.1,443.8,464.95,127.15,"19,96,316","88,59,72,608.45","52,097"
21-Jun-24,EQ,437,464.95,431,431.2,449.9,453,451.38,464.95,121.5,"1,68,03,770","7,58,49,17,940.25","1,15,057"
20-Jun-24,EQ,426,435,420.55,423.55,431.25,431.2,429.83,449.7,121.5,"18,72,534","80,48,71,491.75","34,901"
19-Jun-24,EQ,428.85,447,420,424,423.5,423.55,434.25,449.7,121.5,"59,91,651","2,60,18,54,508.45","1,21,035"
18-Jun-24,EQ,400.75,430.25,398.85,400.5,426.5,424,416.09,449.7,121.5,"49,70,051","2,06,79,98,732.45","82,811"
14-Jun-24,EQ,398.4,404.9,398.4,398.4,399.55,400.5,401.27,449.7,109,"12,60,917","50,59,68,403.80","24,532"
13-Jun-24,EQ,406,408.5,398,404.2,398.3,398.4,401.46,449.7,109,"13,64,525","54,77,96,541.90","39,474"
12-Jun-24,EQ,410.9,413.55,403.1,408.95,404.2,404.2,406.06,449.7,109,"12,32,741","50,05,61,227.05","35,244"
11-Jun-24,EQ,409.5,412.45,405,409.25,408.15,408.95,408.93,449.7,109,"7,24,141","29,61,22,129.85","30,716"
10-Jun-24,EQ,410,416,406,407.85,408.1,409.25,410.63,449.7,109,"18,08,548","74,26,51,231.50","25,750"
07-Jun-24,EQ,401,410.25,400,399.65,406.15,407.85,405.59,449.7,108.8,"27,65,843","1,12,18,00,791.85","42,500"
06-Jun-24,EQ,402.95,409.55,398,402.55,399.3,399.65,401.93,449.7,108.8,"16,18,400","65,04,76,026.75","45,468"
05-Jun-24,EQ,386,420,372.35,378.65,397,402.55,392.44,449.7,108.8,"38,24,865","1,50,10,45,850.45","64,984"
04-Jun-24,EQ,394,399,336.05,390.95,387,378.65,377.59,449.7,108.8,"18,84,318","71,14,96,608.35","76,638"
03-Jun-24,EQ,394,403,388,388.45,392,390.95,394.43,449.7,108.8,"12,33,765","48,66,36,836.45","56,385"
31-May-24,EQ,384.85,398,377.05,384.85,385,388.45,385.76,449.7,104.8,"25,00,856","96,47,19,568.25","58,241"
30-May-24,EQ,396,400,384,394.8,385,384.85,389.84,449.7,104.8,"8,16,008","31,81,12,338.05","29,989"
29-May-24,EQ,402.45,404.4,392,402.45,395.55,394.8,397.32,449.7,104.8,"7,87,171","31,27,61,143.30","32,883"
28-May-24,EQ,406.45,409.95,396.1,406.45,401.75,402.45,402.61,449.7,104.8,"10,93,554","44,02,72,512.75","41,074"
27-May-24,EQ,400,409.4,395.2,401.95,407.8,406.45,403.75,449.7,104.8,"14,33,957","57,89,60,500.55","45,285"
24-May-24,EQ,404,405.7,400.1,403,402,401.95,403.43,449.7,104.6,"4,54,189","18,32,33,637.75","18,231"
23-May-24,EQ,400,405,399.1,399.8,404.85,403,401.76,449.7,104.6,"10,97,655","44,09,94,011.50","23,802"
22-May-24,EQ,401.5,406.25,397.7,401.5,402,399.8,402.25,449.7,104.6,"7,77,505","31,27,54,414.35","23,295"
21-May-24,EQ,413.2,415.5,399,413.2,402.8,401.5,404.61,449.7,104.6,"14,19,658","57,44,12,054.65","42,617"
18-May-24,EQ,415,416.65,410.15,414.9,413.2,413.2,413.26,449.7,104,"1,45,654","6,01,92,976.55","5,842"
17-May-24,EQ,412.95,416.5,411.25,411.1,414.5,414.9,414.97,449.7,104,"8,99,177","37,31,35,941.95","22,473"
16-May-24,EQ,412,417,405.1,409.15,411.5,411.1,411.41,449.7,104,"10,06,356","41,40,24,183.50","23,682"
15-May-24,EQ,401.6,410,399.05,397.3,408.6,409.15,408.05,449.7,104,"14,00,855","57,16,22,058.50","40,132"
14-May-24,EQ,400,403.5,393.3,400.1,397.85,397.3,395.9,449.7,104,"11,73,903","46,47,44,543.80","41,339"
13-May-24,EQ,415,417.45,395.95,410.55,399.9,400.1,401.52,449.7,104,"15,60,214","62,64,55,433.70","45,572"
10-May-24,EQ,402.05,420,388.65,397.15,408,410.55,403.51,449.7,104,"18,07,755","72,94,39,886.50","53,333"
09-May-24,EQ,394.3,407.9,391.6,393.3,398.95,397.15,398.56,449.7,104,"15,30,390","60,99,55,528.85","54,494"
08-May-24,EQ,387.5,399.2,382.4,388.5,392.9,393.3,393.85,449.7,104,"7,01,015","27,60,97,382.60","26,968"
07-May-24,EQ,401,401,378.9,400.05,391.6,388.5,389.87,449.7,104,"13,81,721","53,86,85,146.25","45,710"
06-May-24,EQ,408,408,389.1,406.1,401,400.05,396.86,449.7,104,"25,56,156","1,01,44,47,282.15","60,648"
03-May-24,EQ,414.8,415.8,403.5,411.8,407,406.1,408.31,449.7,102.75,"12,43,796","50,78,55,974.95","35,758"
02-May-24,EQ,414.85,418.4,408.3,414.1,411.9,411.8,412.84,449.7,102.75,"9,82,676","40,56,91,852.50","29,540"
30-Apr-24,EQ,414.1,421.35,412.9,411.65,414.5,414.1,415.64,449.7,102.75,"22,71,167","94,39,79,477.75","54,889"
29-Apr-24,EQ,422.8,425,409.1,419.4,412.8,411.65,415.51,449.7,102.75,"9,75,696","40,54,07,475.15","27,513"
26-Apr-24,EQ,418,421.8,415.5,417.8,420.1,419.4,419.85,449.7,100.95,"13,47,012","56,55,36,457.25","24,714"
25-Apr-24,EQ,421.75,422,414.65,421.8,418.5,417.8,417.42,449.7,100.95,"9,83,530","41,05,45,482.50","34,910"
24-Apr-24,EQ,417.6,424,413.15,414.65,422,421.8,418.74,449.7,100.95,"16,55,182","69,30,96,825.20","38,882"
23-Apr-24,EQ,405,418.65,402.7,401.7,416,414.65,411.83,449.7,100.95,"18,15,454","74,76,65,215.15","48,498"
22-Apr-24,EQ,415,415,400.15,408.55,403,401.7,404.93,449.7,100.95,"13,72,201","55,56,50,845.80","44,507"
19-Apr-24,EQ,402.3,411.95,396.8,402.15,407.4,408.55,408.46,449.7,100.95,"19,84,552","81,06,06,488.85","52,366"
18-Apr-24,EQ,417.4,422.2,400,413.25,407,402.15,409.22,449.7,100.95,"15,00,527","61,40,42,274.75","43,880"
16-Apr-24,EQ,418,427.9,410.6,418.8,414.45,413.25,416.93,449.7,100.95,"25,21,585","1,05,13,29,514.30","53,860"
15-Apr-24,EQ,419.15,437.8,410.05,427.75,420.9,418.8,423.74,449.7,100.95,"24,01,867","1,01,77,64,952.20","73,725"
12-Apr-24,EQ,415.85,430.9,414,417.95,427.5,427.75,427.19,449.7,100.95,"21,28,444","90,92,51,347.25","60,027"
10-Apr-24,EQ,425,426.35,412.7,425.7,415,417.95,418.65,449.7,100.95,"13,03,575","54,57,42,253.20","50,727"
09-Apr-24,EQ,435.65,436,421.2,433.45,424.5,425.7,429.42,449.7,100.95,"8,53,868","36,66,65,016.65","29,744"
08-Apr-24,EQ,436.05,439,431,430.5,433,433.45,433.83,449.7,100.95,"18,79,085","81,51,95,173.45","36,387"
05-Apr-24,EQ,440.05,443,428.05,430.95,429.15,430.5,432.09,449.7,100.95,"38,41,134","1,65,97,09,266.00","70,699"
04-Apr-24,EQ,434.25,434.75,422.8,428.85,429.2,430.95,429,449.7,100.95,"12,72,984","54,61,16,013.05","27,939"
03-Apr-24,EQ,428.65,430.9,426.9,428.6,429,428.85,429.33,449.7,100.95,"18,50,105","79,43,05,152.70","26,382"
02-Apr-24,EQ,429.95,438.7,422.15,425.9,429,428.6,430.29,449.7,100.95,"24,63,011","1,05,98,14,276.35","40,323"
01-Apr-24,EQ,437.95,449.7,419.65,427.8,428,425.9,435.54,449.7,100.95,"31,44,784","1,36,96,87,312.90","88,123"
28-Mar-24,EQ,420.75,439,416.3,415.15,433.7,427.8,426.35,439,100.95,"42,23,254","1,80,05,70,301.20","84,902"
27-Mar-24,EQ,400.85,418,393.6,400.85,416.95,415.15,411.23,419.4,100.95,"44,55,320","1,83,21,66,832.05","1,01,640"
26-Mar-24,EQ,390,409.95,384.3,385.2,398,400.85,402.15,419.4,100.95,"39,66,704","1,59,52,02,954.60","74,443"
22-Mar-24,EQ,383.75,387.85,378.25,378.25,385,385.2,385.05,419.4,100.95,"8,70,215","33,50,79,576.20","22,962"
21-Mar-24,EQ,375,380,370.95,367.75,378.9,378.25,375.78,419.4,100.95,"9,01,194","33,86,50,189.10","21,249"
20-Mar-24,EQ,366.8,370.9,357.4,366.8,368.45,367.75,363.46,419.4,100.95,"12,90,666","46,91,04,407.95","29,727"
19-Mar-24,EQ,375,375.5,365,373.1,366.7,366.8,369.07,419.4,100.95,"6,89,243","25,43,75,655.15","25,551"
18-Mar-24,EQ,371,397,370,370.05,371.5,373.1,375.15,419.4,100.95,"18,52,436","69,49,48,315.85","53,996"
15-Mar-24,EQ,384,391.5,364.5,385.8,377.25,370.05,372.3,419.4,100.95,"44,03,727","1,63,95,26,001.65","60,833"
14-Mar-24,EQ,385,391.65,375.6,390.1,386.85,385.8,385.68,419.4,100.95,"12,75,548","49,19,51,888.65","40,922"
13-Mar-24,EQ,381.5,406,352.15,381.5,378,390.1,377.68,419.4,100.95,"38,99,830","1,47,28,89,296.80","1,03,039"
12-Mar-24,EQ,397.1,401.95,377.05,396.3,384,381.5,390,419.4,100.95,"13,60,992","53,07,91,532.55","42,392"
11-Mar-24,EQ,409.45,419,393.5,409.45,397.2,396.3,403.39,419.4,100.95,"18,42,870","74,33,92,759.30","55,826"
07-Mar-24,EQ,409.25,412.4,405.05,405.65,409,409.45,408.72,419.4,100.95,"10,56,298","43,17,29,609.95","32,283"
06-Mar-24,EQ,405,409.9,391.7,403.25,403.25,405.65,400.94,419.4,100.95,"16,50,504","66,17,46,630.25","46,866"
05-Mar-24,EQ,410,413,398.3,408.95,403.3,403.25,406.87,419.4,100.95,"19,93,796","81,12,09,228.60","54,904"
04-Mar-24,EQ,414,414.35,402.25,412.4,409.35,408.95,407.01,419.4,100.95,"17,06,642","69,46,20,417.30","48,647"
02-Mar-24,EQ,401.6,419.4,399.65,399.45,410,412.4,409.29,419.4,100.95,"7,82,453","32,02,52,524.95","11,558"
01-Mar-24,EQ,398.6,409.7,385.7,396.85,399.45,399.45,399.19,409.7,100.95,"49,13,833","1,96,15,29,335.20","1,55,414"
29-Feb-24,EQ,378.55,398.6,370.3,378.5,395.95,396.85,389.76,409.7,100.95,"71,49,833","2,78,67,39,011.25","1,04,926"
28-Feb-24,EQ,371,390,368.1,370.5,378.4,378.5,379.47,409.7,100.95,"23,89,486","90,67,27,520.70","59,116"
27-Feb-24,EQ,376.25,383.1,366.25,379.35,370.6,370.5,375.6,409.7,100.95,"9,18,920","34,51,43,047.75","29,705"
26-Feb-24,EQ,384,387.5,377,384.65,378,379.35,381.09,409.7,100.95,"10,61,251","40,44,28,413.60","40,393"
23-Feb-24,EQ,384,387.8,380,383.85,384.9,384.65,383.41,409.7,100.95,"11,81,055","45,28,31,080.95","45,917"
22-Feb-24,EQ,379.7,385.7,375,376.25,383,383.85,382.26,409.7,100.95,"16,97,046","64,87,05,516.95","46,855"
21-Feb-24,EQ,364.55,388,364.55,364.55,378.35,376.25,379.09,409.7,100.95,"34,00,773","1,28,91,90,333.05","79,149"
20-Feb-24,EQ,374.8,376,363,374.15,367,364.55,366.65,409.7,100.95,"18,69,396","68,54,13,531.65","35,736"
19-Feb-24,EQ,384.45,388.4,372.1,384.6,374.85,374.15,375.63,409.7,100.95,"19,73,586","74,13,39,619.55","55,776"
16-Feb-24,EQ,388.95,390,382.05,391.65,382.1,384.6,385.88,409.7,100.95,"16,41,450","63,34,10,377.40","48,779"
15-Feb-24,EQ,362.5,409.7,362.5,364.25,384.6,391.65,381.62,409.7,100.95,"63,44,879","2,42,13,39,728.75","1,10,829"
14-Feb-24,EQ,362,368.6,356.7,366.5,363.05,364.25,363.42,395,100.95,"19,01,847","69,11,69,501.15","52,501"
13-Feb-24,EQ,366,369.8,354.1,363.9,365,366.5,361.14,395,100.95,"27,19,522","98,21,24,273.70","50,974"
12-Feb-24,EQ,358.4,366.25,351.2,357.95,365.05,363.9,359.72,395,100.95,"57,77,513","2,07,83,00,663.90","79,444"
09-Feb-24,EQ,357.15,362,345,352.05,358.05,357.95,353.18,395,100.95,"52,57,247","1,85,67,68,251.85","1,02,007"
08-Feb-24,EQ,350,368.7,343.75,337.25,357.1,352.05,352.89,395,100.95,"1,72,58,388","6,09,03,00,234.95","1,48,927"
08-Feb-24,BL,334,344.2,334,113.1,344.2,337.1,337.12,344.2,113.1,"6,87,29,971","23,17,00,10,314.00",10
07-Feb-24,EQ,331.7,342.4,329.25,330,341,337.25,334.79,395,100.95,"64,14,327","2,14,74,34,665.25","50,698"
06-Feb-24,EQ,342.45,344.85,329.15,339.85,330,330,332.94,395,100.95,"23,08,551","76,86,10,758.05","49,528"
05-Feb-24,EQ,348.95,349.55,336.3,347.9,339.9,339.85,339.77,395,100.95,"20,74,851","70,49,77,047.80","54,367"
02-Feb-24,EQ,336.15,351.9,336.15,334.05,348,347.9,343.53,395,100.95,"70,42,693","2,41,93,72,823.50","73,565"
01-Feb-24,EQ,358.5,360,321.95,350.2,335,334.05,336.15,395,100.95,"62,99,102","2,11,74,52,214.45","1,07,358"
31-Jan-24,EQ,368,379.2,347.75,367.4,353.25,350.2,362.45,395,100.95,"75,22,247","2,72,64,37,310.55","1,14,047"
30-Jan-24,EQ,361.35,370.25,358.2,354.95,368,367.4,364.4,395,100.95,"25,08,283","91,40,20,405.55","56,970"
29-Jan-24,EQ,356,359.3,350.1,354.95,354.8,354.95,354.49,395,100.95,"14,62,470","51,84,27,240.00","37,378"
25-Jan-24,EQ,361.55,366.2,354,361.5,354.8,354.95,356.97,395,100.95,"9,30,473","33,21,53,731.90","27,989"
24-Jan-24,EQ,353.15,365,351.25,352.15,364,361.5,356.21,395,100.95,"21,24,510","75,67,62,868.05","59,463"
23-Jan-24,EQ,363.35,363.35,343,361.4,351,352.15,352.28,395,100.95,"25,50,212","89,83,82,049.20","68,613"
20-Jan-24,EQ,365,366.4,361,364.6,361.5,361.4,362.41,395,100.95,"5,86,923","21,27,05,275.40","17,540"
19-Jan-24,EQ,365.15,370.25,362.55,361.95,365,364.6,365.78,395,100.95,"13,91,457","50,89,71,632.60","43,732"
18-Jan-24,EQ,363,367.95,352.2,362.15,364,361.95,362.5,395,100.95,"15,50,854","56,21,85,687.60","41,647"
17-Jan-24,EQ,365.3,375.9,357.3,367.9,365,362.15,363.82,395,100.95,"26,70,645","97,16,31,507.70","88,594"
16-Jan-24,EQ,386.2,386.2,363.3,384.75,371.4,367.9,372.62,395,100.95,"24,63,512","91,79,45,602.60","59,833"
15-Jan-24,EQ,391.8,391.8,378,389.4,384.35,384.75,382.18,395,100.95,"24,92,467","95,25,79,996.45","64,538"
12-Jan-24,EQ,392.25,395,385.55,390.7,389,389.4,390.42,395,100.95,"17,77,386","69,39,31,041.15","50,516"
11-Jan-24,EQ,382.2,393,380.75,380.15,392.1,390.7,387.84,393,100.95,"21,57,983","83,69,48,029.55","40,986"
10-Jan-24,EQ,384.05,392.9,376.15,382.3,380.7,380.15,382.32,392.9,100.95,"30,90,700","1,18,16,51,105.30","62,156"
09-Jan-24,EQ,376.35,386.7,374.85,372.35,382,382.3,382.17,386.7,100.95,"35,39,948","1,35,28,77,492.45","80,256"
08-Jan-24,EQ,360.05,375,359,357.75,373,372.35,369.53,379.75,100.95,"32,87,702","1,21,49,11,225.25","61,776"
05-Jan-24,EQ,370,379.75,350.1,363.8,359,357.75,364.83,379.75,100.95,"50,25,301","1,83,33,90,294.55","1,01,550"
04-Jan-24,EQ,361,364.95,355.35,359.6,362.85,363.8,362.17,370,100.95,"15,62,063","56,57,33,754.50","41,302"
03-Jan-24,EQ,363.05,366.6,355.6,362.7,361,359.6,361.54,370,100.95,"16,74,304","60,53,28,311.40","40,571"
02-Jan-24,EQ,362.25,370,351.45,362.3,361.75,362.7,358.72,370,100.95,"48,53,351","1,74,09,72,417.30","67,364"
01-Jan-24,EQ,355.15,364.9,351.05,354.1,361,362.3,359.55,364.9,100.95,"23,69,504","85,19,56,891.00","40,993"
29-Dec-23,EQ,346.65,359.85,338.2,345.45,353.8,354.1,350.23,362,100.95,"24,82,256","86,93,71,939.60","44,400"
28-Dec-23,EQ,355,362,343,352.15,347,345.45,350.89,362,100.95,"23,46,425","82,33,41,271.95","50,297"
27-Dec-23,EQ,346,357,334.7,343.3,354.7,352.15,347.25,359.15,100.95,"39,92,940","1,38,65,66,340.25","58,134"
26-Dec-23,EQ,335.8,345,335.8,333.7,342.9,343.3,341.46,359.15,100.95,"27,61,293","94,28,78,419.90","55,191"
22-Dec-23,EQ,330,339,329.6,327.2,333.5,333.7,334.79,359.15,100.95,"21,34,358","71,45,70,686.60","51,109"
21-Dec-23,EQ,319.05,331.8,314.25,322.25,327,327.2,327.83,359.15,100.95,"21,03,078","68,94,44,931.75","52,235"
20-Dec-23,EQ,316.05,339.2,316.05,315.4,325,322.25,330.15,359.15,100.95,"73,79,104","2,43,62,16,022.50","1,05,660"
19-Dec-23,EQ,318.15,319.3,313.8,316.75,315.7,315.4,315.88,359.15,100.95,"7,25,958","22,93,14,464.90","21,027"
18-Dec-23,EQ,318.4,319.9,312.2,316.2,317.5,316.75,316.71,359.15,100.95,"8,09,898","25,65,05,011.35","26,595"
15-Dec-23,EQ,326.25,327.4,313,324.2,317.6,316.2,318.78,359.15,100.95,"21,87,579","69,73,52,243.60","40,251"
14-Dec-23,EQ,322.75,329,321.35,319.7,323.7,324.2,324.66,359.15,100.95,"22,18,087","72,01,33,235.85","41,762"
13-Dec-23,EQ,316.55,321.75,311.05,314.95,319.55,319.7,318.95,359.15,100.95,"35,61,076","1,13,58,04,820.45","57,030"
12-Dec-23,EQ,319.95,324.05,314,318.25,316.6,314.95,317.67,359.15,100.95,"12,05,077","38,28,12,501.65","46,556"
11-Dec-23,EQ,324.9,325.35,317.25,323.6,319.95,318.25,320.13,359.15,100.95,"13,48,140","43,15,80,770.70","45,558"
08-Dec-23,EQ,321.9,327,320.05,321.9,323.65,323.6,323.8,359.15,100.95,"17,78,201","57,57,83,555.10","54,174"
07-Dec-23,EQ,329,329.55,321.15,327.85,322,321.9,323.53,359.15,100.95,"14,55,356","47,08,56,054.60","46,607"
06-Dec-23,EQ,337.65,339,326.55,337.15,328.5,327.85,329.62,359.15,100.95,"15,86,350","52,29,00,451.95","39,057"
05-Dec-23,EQ,338,341,335,336.1,336.5,337.15,338.52,359.15,100.95,"16,16,735","54,73,04,655.35","36,530"
04-Dec-23,EQ,340,341,332.5,334.85,335.4,336.1,335.67,359.15,100.95,"16,35,011","54,88,20,422.65","41,542"
01-Dec-23,EQ,324.9,337.35,324.05,325.1,334.2,334.85,333.72,359.15,98.25,"28,97,214","96,68,49,967.55","50,605"
30-Nov-23,EQ,322.45,332.75,304.1,321.65,318,325.1,325.92,359.15,98.25,"20,77,262","67,70,19,246.40","35,213"
29-Nov-23,EQ,329.3,329.3,320.05,327.25,322.5,321.65,324.59,359.15,98.25,"11,01,596","35,75,69,839.20","27,023"
28-Nov-23,EQ,330,332.45,323.5,329.2,327,327.25,328.48,359.15,98.25,"18,27,071","60,01,53,671.30","39,800"
24-Nov-23,EQ,329.25,334.85,328.05,328.9,329.2,329.2,331.04,359.15,90.3,"10,35,428","34,27,67,991.95","20,966"
23-Nov-23,EQ,332.8,333,327,333.15,328.9,328.9,330.17,359.15,90.3,"14,93,358","49,30,58,245.95","29,191"
22-Nov-23,EQ,335,341,327.75,333.2,332,333.15,334.59,359.15,90.3,"36,13,610","1,20,90,88,037.25","52,465"
21-Nov-23,EQ,315.5,335,308.05,313.8,334.65,333.2,323.95,359.15,90.3,"65,20,123","2,11,21,61,872.15","1,04,281"
20-Nov-23,EQ,319.95,320.3,312.35,317.1,314.65,313.8,315.95,359.15,90.3,"18,85,583","59,57,52,107.80","43,183"
17-Nov-23,EQ,316,320.6,314.1,313.5,316.7,317.1,317.7,359.15,90.3,"30,18,971","95,91,26,099.85","62,139"
16-Nov-23,EQ,329.8,331.65,306.95,329.8,312.9,313.5,315.55,359.15,90.3,"66,35,212","2,09,37,26,197.45","1,08,577"
15-Nov-23,EQ,345,348,326,337.2,330.85,329.8,335.39,359.15,90.3,"41,32,958","1,38,61,67,564.95","68,947"
13-Nov-23,EQ,338.05,343,333.6,338.05,337.5,337.2,338.93,359.15,90.3,"27,51,773","93,26,60,434.55","40,496"
12-Nov-23,EQ,341.9,343.2,333.5,338.5,337.95,338.05,340.04,359.15,90.3,"11,57,491","39,35,98,043.45","26,492"
10-Nov-23,EQ,337.8,341.9,330,336.1,339.05,338.5,337.5,359.15,90.3,"27,85,367","94,00,48,575.75","45,022"
09-Nov-23,EQ,351.05,359.15,320.75,347.9,337,336.1,340.77,359.15,90.3,"78,25,148","2,66,65,86,233.70","1,36,857"
08-Nov-23,EQ,339.8,351.8,339,336.95,349,347.9,346.73,351.8,90.3,"50,78,257","1,76,07,90,158.50","73,381"
07-Nov-23,EQ,323.8,339.3,318.4,321.4,337.45,336.95,328.33,339.3,90.3,"52,46,015","1,72,24,24,895.35","77,357"
06-Nov-23,EQ,308,324.25,307.05,304.65,321.9,321.4,318.97,324.25,90.3,"59,73,345","1,90,53,09,625.40","73,763"
03-Nov-23,EQ,300.2,306,293,298.15,304.7,304.65,300.16,309.75,90.3,"35,19,839","1,05,65,22,177.70","47,242"
02-Nov-23,EQ,302.75,303,297,297.35,298.55,298.15,298.96,309.75,90.3,"19,47,076","58,20,90,464.20","36,969"
01-Nov-23,EQ,289,302.5,286.15,288.7,297.55,297.35,296.85,309.75,90.3,"43,54,929","1,29,27,80,305.95","55,785"
31-Oct-23,EQ,292.8,292.8,286.8,291.25,289,288.7,289.02,309.75,90.3,"13,76,013","39,77,01,048.60","29,630"
30-Oct-23,EQ,288.45,293.95,280.25,287.45,290.4,291.25,287.17,309.75,90.3,"30,60,863","87,89,78,715.20","41,206"
27-Oct-23,EQ,290,292.4,285.1,285.9,287.45,287.45,289.12,309.75,90.3,"29,01,300","83,88,20,555.60","47,176"
26-Oct-23,EQ,293.7,293.7,278.1,293.75,286.2,285.9,284,309.75,90.3,"57,41,348","1,63,05,15,531.65","66,537"
25-Oct-23,EQ,289.75,299.3,282.25,287.35,296,293.75,293.24,309.75,90.3,"53,07,028","1,55,62,11,130.20","68,511"
23-Oct-23,EQ,301.45,303.4,280.05,300.1,290.3,287.35,290.68,309.75,90.3,"47,53,278","1,38,17,03,578.60","75,400"
20-Oct-23,EQ,303.9,309,296,304.3,300,300.1,302.17,309.75,90.3,"32,39,429","97,88,48,659.40","53,415"
19-Oct-23,EQ,302,307.6,265.65,301.2,304.5,304.3,295.01,309.75,90.3,"57,73,942","1,70,33,77,896.00","72,651"
18-Oct-23,EQ,299.4,309.75,296.05,294.7,301.3,301.2,302.35,309.75,90.3,"55,33,379","1,67,30,25,693.80","71,023"
17-Oct-23,EQ,289.55,297.8,285.85,283.85,297.2,294.7,291.06,297.8,90.3,"43,94,866","1,27,91,70,514.55","50,573"
16-Oct-23,EQ,275.15,289,275.15,274.4,284,283.85,282.86,289,90.3,"51,72,227","1,46,30,36,695.80","60,029"
13-Oct-23,EQ,273,276.6,267,274.55,275.1,274.4,271.18,277.7,90.3,"31,13,658","84,43,70,543.70","39,914"
12-Oct-23,EQ,272.2,277.7,272.15,271.2,274.4,274.55,274.66,277.7,90.3,"38,18,635","1,04,88,44,737.45","43,276"
11-Oct-23,EQ,267.05,272.9,265.9,262.05,271,271.2,269.27,272.9,90.3,"59,20,245","1,59,41,62,228.60","76,918"
10-Oct-23,EQ,256.8,267.8,255.45,251.25,262.5,262.05,263,267.8,90.3,"60,66,813","1,59,55,83,209.40","61,241"
09-Oct-23,EQ,257.25,260.7,241.5,258.15,251,251.25,253.47,261.9,90.3,"66,68,843","1,69,03,70,872.10","74,636"
06-Oct-23,EQ,239.7,261,239.7,234.4,257.25,258.15,253.07,261.9,90.3,"1,47,74,304","3,73,89,61,884.90","1,52,304"
05-Oct-23,EQ,228,235.75,227.9,226.4,233.75,234.4,232.59,261.9,90.3,"25,80,122","60,01,01,428.70","46,907"
04-Oct-23,EQ,225.45,231.25,224.5,229.65,226.6,226.4,227.29,261.9,90.3,"15,33,191","34,84,86,384.10","26,756"
03-Oct-23,EQ,228,231.75,221.65,227.55,228,229.65,225.97,261.9,90.3,"28,00,584","63,28,61,635.20","36,344"
29-Sep-23,EQ,225.2,231.9,225.2,224.25,228,227.55,228.7,261.9,85.8,"19,02,262","43,50,54,718.60","28,147"
28-Sep-23,EQ,224.8,225.55,220.55,224.2,224.45,224.25,223.17,261.9,85.8,"42,16,317","94,09,46,418.90","41,798"
27-Sep-23,EQ,217.2,227.3,215.6,216.55,223.65,224.2,223.5,261.9,85.8,"57,48,219","1,28,47,09,501.75","78,780"
26-Sep-23,EQ,205.85,217.9,205.55,204.2,217.2,216.55,213.65,261.9,85.8,"49,63,007","1,06,03,66,196.80","73,352"
25-Sep-23,EQ,216.85,216.9,202.8,215.7,205.9,204.2,207.37,261.9,85.8,"42,24,660","87,60,79,011.40","77,919"
22-Sep-23,EQ,213.5,218.85,210.05,213.1,216.75,215.7,214.54,261.9,85.8,"21,33,466","45,77,23,477.55","44,294"
21-Sep-23,EQ,219.2,220.2,211.8,219.15,213.5,213.1,214.34,261.9,85.8,"35,87,595","76,89,81,830.95","49,402"
20-Sep-23,EQ,228,228.9,217.2,229.35,220.2,219.15,220.84,261.9,85.8,"31,22,634","68,95,95,044.35","63,659"
18-Sep-23,EQ,231,234.2,228,228.65,229.3,229.35,231.21,261.9,85.8,"15,66,395","36,21,61,255.45","33,181"
15-Sep-23,EQ,228.95,240.05,227.05,227,229.5,228.65,231.66,261.9,81.05,"76,66,817","1,77,60,85,917.45","65,580"
14-Sep-23,EQ,226.8,233.7,224.25,223.3,225.45,227,228.68,261.9,81.05,"23,58,415","53,93,30,824.70","45,854"
13-Sep-23,EQ,229.25,231,214.15,229.1,225.5,223.3,221.93,261.9,81.05,"30,23,626","67,10,21,373.65","62,650"
12-Sep-23,EQ,248.5,248.5,220,247.45,231,229.1,234.2,261.9,81.05,"25,64,654","60,06,48,328.75","61,909"
11-Sep-23,EQ,247.6,249,243,246.5,246,247.45,245.93,261.9,81.05,"21,91,918","53,90,67,344.40","58,434"
